[{"model": "contenttypes.contenttype", "pk": 1, "fields": {"app_label": "admin", "model": "logentry"}}, {"model": "contenttypes.contenttype", "pk": 2, "fields": {"app_label": "auth", "model": "permission"}}, {"model": "contenttypes.contenttype", "pk": 3, "fields": {"app_label": "auth", "model": "group"}}, {"model": "contenttypes.contenttype", "pk": 4, "fields": {"app_label": "auth", "model": "user"}}, {"model": "contenttypes.contenttype", "pk": 5, "fields": {"app_label": "contenttypes", "model": "contenttype"}}, {"model": "contenttypes.contenttype", "pk": 6, "fields": {"app_label": "sessions", "model": "session"}}, {"model": "contenttypes.contenttype", "pk": 7, "fields": {"app_label": "mysite", "model": "site"}}, {"model": "contenttypes.contenttype", "pk": 8, "fields": {"app_label": "mysite", "model": "photo"}}, {"model": "contenttypes.contenttype", "pk": 9, "fields": {"app_label": "mysite", "model": "event"}}, {"model": "contenttypes.contenttype", "pk": 10, "fields": {"app_label": "mysite", "model": "person"}}, {"model": "contenttypes.contenttype", "pk": 11, "fields": {"app_label": "mysite", "model": "message"}}, {"model": "contenttypes.contenttype", "pk": 12, "fields": {"app_label": "mysite", "model": "medreading"}}, {"model": "contenttypes.contenttype", "pk": 13, "fields": {"app_label": "mysite", "model": "bookmark"}}, {"model": "contenttypes.contenttype", "pk": 14, "fields": {"app_label": "mysite", "model": "category"}}, {"model": "contenttypes.contenttype", "pk": 15, "fields": {"app_label": "mysite", "model": "identifier"}}, {"model": "contenttypes.contenttype", "pk": 16, "fields": {"app_label": "mysite", "model": "emailhost"}}, {"model": "contenttypes.contenttype", "pk": 17, "fields": {"app_label": "mysite", "model": "identifier2"}}, {"model": "contenttypes.contenttype", "pk": 18, "fields": {"app_label": "mysite", "model": "login"}}, {"model": "contenttypes.contenttype", "pk": 19, "fields": {"app_label": "mysite", "model": "colour"}}, {"model": "contenttypes.contenttype", "pk": 20, "fields": {"app_label": "mysite", "model": "colourscheme"}}, {"model": "sessions.session", "pk": "19sennliq3lny1xkzjevu8md4gpbycqc", "fields": {"session_data": "MTAzZjI1NmJlYWM3MjY3ZmY4ODAxOGYxZjY1NzE2ZDQwZWI2NWUyODp7Il9hdXRoX3VzZXJfaWQiOiIxIiwiX2F1dGhfdXNlcl9iYWNrZW5kIjoiZGphbmdvLmNvbnRyaWIuYXV0aC5iYWNrZW5kcy5Nb2RlbEJhY2tlbmQiLCJfYXV0aF91c2VyX2hhc2giOiIwZDZiZWNjYmVlNDBlMDhkMmU0ZjAxMjc2ZmI4NjkzNjkyMGQzMDUzIn0=", "expire_date": "2020-06-17T14:12:49.415Z"}}, {"model": "sessions.session", "pk": "4sioaq7y4zljk8qxa4nozzpp8gcml86p", "fields": {"session_data": "MTAzZjI1NmJlYWM3MjY3ZmY4ODAxOGYxZjY1NzE2ZDQwZWI2NWUyODp7Il9hdXRoX3VzZXJfaWQiOiIxIiwiX2F1dGhfdXNlcl9iYWNrZW5kIjoiZGphbmdvLmNvbnRyaWIuYXV0aC5iYWNrZW5kcy5Nb2RlbEJhY2tlbmQiLCJfYXV0aF91c2VyX2hhc2giOiIwZDZiZWNjYmVlNDBlMDhkMmU0ZjAxMjc2ZmI4NjkzNjkyMGQzMDUzIn0=", "expire_date": "2020-06-17T23:57:14.204Z"}}, {"model": "sessions.session", "pk": "i18h5l18fflocej5u8evqxh3uh25924l", "fields": {"session_data": "ODZkMjQzMTcyMjE0YTJlYjQ2NGMxZDgzZWQ2OGNkYmUxMmZmMmM2MDp7Il9hdXRoX3VzZXJfaWQiOiIxIiwiX2F1dGhfdXNlcl9iYWNrZW5kIjoiZGphbmdvLmNvbnRyaWIuYXV0aC5iYWNrZW5kcy5Nb2RlbEJhY2tlbmQiLCJfYXV0aF91c2VyX2hhc2giOiJjZWJmMTZlNDU2YjU5NWI4ZDcyOGMxMDYzZTYxZGYyMjg5OGZmMGIyIn0=", "expire_date": "2020-06-14T12:56:37.021Z"}}, {"model": "sessions.session", "pk": "tdsvmeqoi4e3zvaeis4rhoh4m7ykha1r", "fields": {"session_data": "MGMyODFkOTkyYzk0NTQxYTkyZGYzMGM0NDliZWFiMjY0NDFmNTVmNTp7Il9hdXRoX3VzZXJfaWQiOiIxIiwiX2F1dGhfdXNlcl9iYWNrZW5kIjoiZGphbmdvLmNvbnRyaWIuYXV0aC5iYWNrZW5kcy5Nb2RlbEJhY2tlbmQiLCJfYXV0aF91c2VyX2hhc2giOiI0OTk2ZTM3MWU3NzZlZmU2ODVkODUwYWQwZmNmOTNiMTg3ZDQ3NGVlIn0=", "expire_date": "2020-05-20T17:41:23.743Z"}}, {"model": "sessions.session", "pk": "tzmmogdb3vbyf5v33duzo13qm115vpw7", "fields": {"session_data": "ODZkMjQzMTcyMjE0YTJlYjQ2NGMxZDgzZWQ2OGNkYmUxMmZmMmM2MDp7Il9hdXRoX3VzZXJfaWQiOiIxIiwiX2F1dGhfdXNlcl9iYWNrZW5kIjoiZGphbmdvLmNvbnRyaWIuYXV0aC5iYWNrZW5kcy5Nb2RlbEJhY2tlbmQiLCJfYXV0aF91c2VyX2hhc2giOiJjZWJmMTZlNDU2YjU5NWI4ZDcyOGMxMDYzZTYxZGYyMjg5OGZmMGIyIn0=", "expire_date": "2020-06-02T23:41:10.585Z"}}, {"model": "sessions.session", "pk": "vwh1ktsxfi7nsiflm4sbzeyho09m0opj", "fields": {"session_data": "ODZkMjQzMTcyMjE0YTJlYjQ2NGMxZDgzZWQ2OGNkYmUxMmZmMmM2MDp7Il9hdXRoX3VzZXJfaWQiOiIxIiwiX2F1dGhfdXNlcl9iYWNrZW5kIjoiZGphbmdvLmNvbnRyaWIuYXV0aC5iYWNrZW5kcy5Nb2RlbEJhY2tlbmQiLCJfYXV0aF91c2VyX2hhc2giOiJjZWJmMTZlNDU2YjU5NWI4ZDcyOGMxMDYzZTYxZGYyMjg5OGZmMGIyIn0=", "expire_date": "2020-05-31T01:37:30.376Z"}}, {"model": "sessions.session", "pk": "xcqzum7t6rztx3g6tvwnat07yrkjk049", "fields": {"session_data": "ODZkMjQzMTcyMjE0YTJlYjQ2NGMxZDgzZWQ2OGNkYmUxMmZmMmM2MDp7Il9hdXRoX3VzZXJfaWQiOiIxIiwiX2F1dGhfdXNlcl9iYWNrZW5kIjoiZGphbmdvLmNvbnRyaWIuYXV0aC5iYWNrZW5kcy5Nb2RlbEJhY2tlbmQiLCJfYXV0aF91c2VyX2hhc2giOiJjZWJmMTZlNDU2YjU5NWI4ZDcyOGMxMDYzZTYxZGYyMjg5OGZmMGIyIn0=", "expire_date": "2020-06-11T16:10:30.880Z"}}, {"model": "mysite.site", "pk": 1, "fields": {"note": "date format\r\norderby in bookmarks\r\nmedreadings spread over 2 lines\r\nheading line of medreadings\r\non phtoslist, menu returns to eventslist\r\nlist bookmarks by categories first", "backgroundcolour": "purple", "datecolour": "yellow", "detailcolour": "white"}}, {"model": "mysite.photo", "pk": 3, "fields": {"test": null, "notes": "", "priority": 100, "is_live": true, "title": "ka nearside", "cover": "images/ka.jpg", "created_date": "2020-05-17T14:30:30.137Z"}}, {"model": "mysite.photo", "pk": 7, "fields": {"test": null, "notes": "", "priority": 100, "is_live": true, "title": "Helen knitting", "cover": "images/IMG_6617.jpg", "created_date": "2020-06-03T16:33:01.543Z"}}, {"model": "mysite.photo", "pk": 8, "fields": {"test": null, "notes": "", "priority": 100, "is_live": true, "title": "me", "cover": "images/h201907.jpg", "created_date": "2020-06-03T16:34:10.939Z"}}, {"model": "mysite.photo", "pk": 9, "fields": {"test": null, "notes": "", "priority": 100, "is_live": true, "title": "penguin", "cover": "images/penguin.jpg", "created_date": "2020-06-03T16:35:21.191Z"}}, {"model": "mysite.photo", "pk": 10, "fields": {"test": null, "notes": "", "priority": 100, "is_live": true, "title": "colleagues", "cover": "images/colleagues.jpg", "created_date": "2020-06-03T16:35:56.046Z"}}, {"model": "mysite.photo", "pk": 11, "fields": {"test": null, "notes": "", "priority": 100, "is_live": true, "title": "mw o2", "cover": "images/h201204_xQ52Ryo.jpg", "created_date": "2020-06-03T16:43:34.685Z"}}, {"model": "mysite.event", "pk": 1192, "fields": {"test": "test", "event_date": "2021-03-20", "detail": "can renew EHIC card", "addendum": "", "created_date": "2019-01-01T10:00:00.200Z", "is_live": true, "status_now": "", "sameday": false}}, {"model": "mysite.event", "pk": 1435, "fields": {"test": "test", "event_date": "2020-10-31", "detail": "Alice bday", "addendum": "", "created_date": "2019-01-01T10:00:00.200Z", "is_live": true, "status_now": "", "sameday": false}}, {"model": "mysite.event", "pk": 2130, "fields": {"test": "test", "event_date": "2025-03-31", "detail": "5y freedom pass expires", "addendum": "", "created_date": "2019-01-01T10:00:00.200Z", "is_live": true, "status_now": "", "sameday": false}}, {"model": "mysite.event", "pk": 2131, "fields": {"test": "test", "event_date": "2025-02-28", "detail": "passport renew", "addendum": "", "created_date": "2019-01-01T10:00:00.200Z", "is_live": true, "status_now": "", "sameday": false}}, {"model": "mysite.event", "pk": 3012, "fields": {"test": "test", "event_date": "2021-06-03", "detail": "hf end 2y", "addendum": "", "created_date": "2019-06-03T15:09:20.094Z", "is_live": true, "status_now": "", "sameday": false}}, {"model": "mysite.event", "pk": 3022, "fields": {"test": "test", "event_date": "2020-06-28", "detail": "2m after backup", "addendum": "", "created_date": "2019-06-07T10:55:24.796Z", "is_live": true, "status_now": "", "sameday": false}}, {"model": "mysite.event", "pk": 3068, "fields": {"test": "test", "event_date": "2020-06-08", "detail": "11 weeks since haircut", "addendum": "", "created_date": "2019-07-03T13:37:31.055Z", "is_live": true, "status_now": "", "sameday": false}}, {"model": "mysite.event", "pk": 3126, "fields": {"test": "test", "event_date": "2020-06-19", "detail": "PLUS expires", "addendum": "", "created_date": "2019-08-07T10:05:33.667Z", "is_live": true, "status_now": "", "sameday": false}}, {"model": "mysite.event", "pk": 3159, "fields": {"test": "test", "event_date": "2020-09-11", "detail": "1 year after flu jab.", "addendum": "", "created_date": "2019-09-09T12:26:38.794Z", "is_live": true, "status_now": "", "sameday": false}}, {"model": "mysite.event", "pk": 3161, "fields": {"test": "test", "event_date": "2020-08-23", "detail": "pyany below", "addendum": "sluff\r\nimagesdev\r\ncoffeepot\r\nogrady\r\nsluffdev\r\nealingsg\r\nharrystock\r\nexampleclub\r\nsloughplus\r\nplusevents\r\ndiarym\r\ndiarymy\r\ntestclub*\r\nogradycourt*\r\nealingevents*\r\ninstauploads*\r\nfrominsta*\r\nushasblog*\r\nxxreadigs*\r\nclubjan2020*\r\nhablemos*", "created_date": "2019-09-09T16:52:04.263Z", "is_live": true, "status_now": "", "sameday": false}}, {"model": "mysite.event", "pk": 3164, "fields": {"test": "test", "event_date": "2021-09-14", "detail": "ph 0800 7076060 bowel cancer test every 2 years", "addendum": "", "created_date": "2019-09-14T11:27:47.670Z", "is_live": true, "status_now": "", "sameday": false}}, {"model": "mysite.event", "pk": 3258, "fields": {"test": "test", "event_date": "2021-01-27", "detail": "GPn bday", "addendum": "", "created_date": "2020-01-12T21:01:34.852Z", "is_live": true, "status_now": "", "sameday": false}}, {"model": "mysite.event", "pk": 3273, "fields": {"test": "test", "event_date": "2020-09-15", "detail": "8:00am js monthly workshop. Booked in.", "addendum": "", "created_date": "2020-01-19T01:35:33.746Z", "is_live": true, "status_now": "", "sameday": false}}, {"model": "mysite.event", "pk": 3303, "fields": {"test": "test", "event_date": "2021-01-28", "detail": "MBu bday", "addendum": "", "created_date": "2020-01-28T11:53:14.200Z", "is_live": true, "status_now": "", "sameday": false}}, {"model": "mysite.event", "pk": 3325, "fields": {"test": "test", "event_date": "2021-02-04", "detail": "Diding bday", "addendum": "", "created_date": "2020-02-07T00:02:35.243Z", "is_live": true, "status_now": "", "sameday": false}}, {"model": "mysite.event", "pk": 3351, "fields": {"test": "test", "event_date": "2020-06-17", "detail": "8.00 Slough. Send link to Lisa's mobile.", "addendum": "", "created_date": "2020-02-16T15:40:03.799Z", "is_live": true, "status_now": "", "sameday": false}}, {"model": "mysite.event", "pk": 3352, "fields": {"test": "test", "event_date": "2020-07-15", "detail": "? 8.00 Slough", "addendum": "", "created_date": "2020-02-16T15:40:34.730Z", "is_live": true, "status_now": "", "sameday": false}}, {"model": "mysite.event", "pk": 3391, "fields": {"test": "test", "event_date": "2020-06-05", "detail": "600", "addendum": "", "created_date": "2020-03-03T17:24:26.119Z", "is_live": true, "status_now": "", "sameday": false}}, {"model": "mysite.event", "pk": 3410, "fields": {"test": "test", "event_date": "2020-06-13", "detail": "NASS AGM online.", "addendum": "", "created_date": "2020-03-11T17:17:34.240Z", "is_live": true, "status_now": "", "sameday": false}}, {"model": "mysite.event", "pk": 3414, "fields": {"test": "test", "event_date": "2021-02-28", "detail": "HbA1c test due", "addendum": "", "created_date": "2020-03-13T08:37:13.452Z", "is_live": true, "status_now": "", "sameday": false}}, {"model": "mysite.event", "pk": 3477, "fields": {"test": "test", "event_date": "2020-06-11", "detail": "LHw off", "addendum": "", "created_date": "2020-04-11T11:21:01.625Z", "is_live": true, "status_now": "", "sameday": false}}, {"model": "mysite.event", "pk": 3501, "fields": {"test": "test", "event_date": "2020-06-10", "detail": "ESG 20.00 510 850 3153 ? 0c7XRH", "addendum": "", "created_date": "2020-05-03T21:33:12.678Z", "is_live": true, "status_now": "", "sameday": false}}, {"model": "mysite.event", "pk": 3510, "fields": {"test": "test", "event_date": "2020-06-04", "detail": "14.00 collect food.", "addendum": "", "created_date": "2020-05-11T23:36:05.581Z", "is_live": true, "status_now": "", "sameday": false}}, {"model": "mysite.event", "pk": 3518, "fields": {"test": "test", "event_date": "2020-06-09", "detail": "2m since login bd", "addendum": "", "created_date": "2020-05-17T11:58:51.874Z", "is_live": true, "status_now": null, "sameday": false}}, {"model": "mysite.event", "pk": 3519, "fields": {"test": "test", "event_date": "2020-07-25", "detail": "HCP 20.30 RichardMerret bbq.", "addendum": "", "created_date": "2020-05-17T16:26:28.146Z", "is_live": true, "status_now": null, "sameday": false}}, {"model": "mysite.event", "pk": 3520, "fields": {"test": "test", "event_date": "2020-05-21", "detail": "12.00-13.00 43 Mercer", "addendum": "", "created_date": "2020-05-19T12:18:22.783Z", "is_live": true, "status_now": null, "sameday": false}}, {"model": "mysite.event", "pk": 3527, "fields": {"test": "test", "event_date": "2020-05-26", "detail": "5.00am ealing hosp. William said would refer", "addendum": "", "created_date": "2020-05-24T15:53:19.539Z", "is_live": true, "status_now": null, "sameday": false}}, {"model": "mysite.event", "pk": 3532, "fields": {"test": "test", "event_date": "2020-06-15", "detail": "shops open", "addendum": "", "created_date": "2020-05-26T08:34:20.109Z", "is_live": true, "status_now": null, "sameday": false}}, {"model": "mysite.event", "pk": 3533, "fields": {"test": "test", "event_date": "2020-06-02", "detail": "phone call  from Ealing Hospital dermatology any tome, perhaps 14.45", "addendum": "", "created_date": "2020-05-26T08:35:51.658Z", "is_live": true, "status_now": null, "sameday": false}}, {"model": "mysite.event", "pk": 3535, "fields": {"test": "test", "event_date": "2020-05-28", "detail": "sent dermatology photo", "addendum": "", "created_date": "2020-05-28T13:43:11.230Z", "is_live": true, "status_now": null, "sameday": false}}, {"model": "mysite.event", "pk": 3537, "fields": {"test": "test", "event_date": "2020-05-29", "detail": "Prof. Isenberg phoned. Vitamin D lower end of normal. Should take supplemrnt.", "addendum": "", "created_date": "2020-05-29T12:32:17.907Z", "is_live": true, "status_now": null, "sameday": false}}, {"model": "mysite.event", "pk": 3538, "fields": {"test": "test", "event_date": "2020-06-04", "detail": "19.30 Walpole Zoom", "addendum": "", "created_date": "2020-05-29T14:39:24.057Z", "is_live": true, "status_now": null, "sameday": false}}, {"model": "mysite.event", "pk": 3542, "fields": {"test": "test", "event_date": "2020-06-17", "detail": "19.00/19.15 Zoom 519-913-6390 967537", "addendum": "", "created_date": "2020-05-31T21:57:22.254Z", "is_live": true, "status_now": null, "sameday": false}}, {"model": "mysite.event", "pk": 3544, "fields": {"test": "test", "event_date": "2020-06-14", "detail": "2w after 100", "addendum": "", "created_date": "2020-06-03T12:53:57.249Z", "is_live": true, "status_now": null, "sameday": false}}, {"model": "mysite.event", "pk": 3545, "fields": {"test": "test", "event_date": "2020-06-08", "detail": "12.00 69B", "addendum": "", "created_date": "2020-06-04T12:04:47.332Z", "is_live": true, "status_now": null, "sameday": false}}, {"model": "mysite.medreading", "pk": 1, "fields": {"reading_date": "2019-05-08T07:32:41Z", "weight": "78.0", "notes": "HDL should be > 1.1. LDL  < 3. 24 hours fast.", "glucose": "3.9", "HbA1c": "36", "blood_pressure_1": null, "blood_pressure_2": null, "HDL": "1.20", "LDL": "3.6", "created_date": "2019-05-22T09:35:48.687Z"}}, {"model": "mysite.medreading", "pk": 2, "fields": {"reading_date": "2018-09-28T08:39:33Z", "weight": null, "notes": "", "glucose": null, "HbA1c": "36", "blood_pressure_1": null, "blood_pressure_2": null, "HDL": null, "LDL": null, "created_date": "2019-05-22T09:39:55.295Z"}}, {"model": "mysite.medreading", "pk": 3, "fields": {"reading_date": "2017-07-28T08:40:45Z", "weight": null, "notes": "", "glucose": "4.7", "HbA1c": null, "blood_pressure_1": null, "blood_pressure_2": null, "HDL": null, "LDL": null, "created_date": "2019-05-22T09:41:13.314Z"}}, {"model": "mysite.medreading", "pk": 4, "fields": {"reading_date": "2013-08-07T08:43:09Z", "weight": null, "notes": "", "glucose": "5.7", "HbA1c": null, "blood_pressure_1": null, "blood_pressure_2": null, "HDL": null, "LDL": null, "created_date": "2019-05-22T09:43:37.622Z"}}, {"model": "mysite.medreading", "pk": 5, "fields": {"reading_date": "2014-09-10T08:43:51Z", "weight": null, "notes": "", "glucose": "6.9", "HbA1c": null, "blood_pressure_1": null, "blood_pressure_2": null, "HDL": null, "LDL": null, "created_date": "2019-05-22T09:44:10.867Z"}}, {"model": "mysite.medreading", "pk": 6, "fields": {"reading_date": "2015-11-20T09:44:44Z", "weight": null, "notes": "on 0-7 for 12 weeks, then 5-2", "glucose": "4.6", "HbA1c": "38", "blood_pressure_1": null, "blood_pressure_2": null, "HDL": null, "LDL": null, "created_date": "2019-05-22T09:45:05.223Z"}}, {"model": "mysite.medreading", "pk": 7, "fields": {"reading_date": "2017-04-19T07:45:42Z", "weight": null, "notes": "", "glucose": "3.9", "HbA1c": "33", "blood_pressure_1": null, "blood_pressure_2": null, "HDL": null, "LDL": null, "created_date": "2019-05-22T09:46:04.937Z"}}, {"model": "mysite.medreading", "pk": 8, "fields": {"reading_date": "2014-10-01T08:51:27Z", "weight": null, "notes": "Dr. Dace said over the threshold for d", "glucose": "6.7", "HbA1c": "53", "blood_pressure_1": null, "blood_pressure_2": null, "HDL": null, "LDL": null, "created_date": "2019-05-22T09:52:20.826Z"}}, {"model": "mysite.medreading", "pk": 9, "fields": {"reading_date": "2014-10-15T08:52:55Z", "weight": null, "notes": "after 2 weeks of 0-7 rather than 5-2", "glucose": "5.0", "HbA1c": "47", "blood_pressure_1": null, "blood_pressure_2": null, "HDL": null, "LDL": null, "created_date": "2019-05-22T09:53:30.797Z"}}, {"model": "mysite.medreading", "pk": 81, "fields": {"reading_date": "1994-11-03T08:10:50Z", "weight": "112.0", "notes": null, "glucose": null, "HbA1c": null, "blood_pressure_1": null, "blood_pressure_2": null, "HDL": null, "LDL": null, "created_date": "1994-11-03T08:10:50Z"}}, {"model": "mysite.medreading", "pk": 83, "fields": {"reading_date": "2006-06-30T07:17:06Z", "weight": "127.0", "notes": null, "glucose": null, "HbA1c": null, "blood_pressure_1": null, "blood_pressure_2": null, "HDL": null, "LDL": null, "created_date": "2006-06-30T07:17:06Z"}}, {"model": "mysite.medreading", "pk": 84, "fields": {"reading_date": "2007-06-30T07:18:17Z", "weight": "114.0", "notes": null, "glucose": null, "HbA1c": null, "blood_pressure_1": null, "blood_pressure_2": null, "HDL": null, "LDL": null, "created_date": "2007-06-30T07:18:17Z"}}, {"model": "mysite.medreading", "pk": 85, "fields": {"reading_date": "2008-06-30T07:19:49Z", "weight": "95.0", "notes": null, "glucose": null, "HbA1c": null, "blood_pressure_1": null, "blood_pressure_2": null, "HDL": null, "LDL": null, "created_date": "2008-06-30T07:19:49Z"}}, {"model": "mysite.medreading", "pk": 88, "fields": {"reading_date": "1994-10-27T20:59:34Z", "weight": "115.0", "notes": "", "glucose": null, "HbA1c": null, "blood_pressure_1": null, "blood_pressure_2": null, "HDL": null, "LDL": null, "created_date": "2019-05-23T20:00:11.412Z"}}, {"model": "mysite.medreading", "pk": 93, "fields": {"reading_date": "2017-01-16T14:45:58Z", "weight": "74.8", "notes": "", "glucose": null, "HbA1c": null, "blood_pressure_1": null, "blood_pressure_2": null, "HDL": null, "LDL": null, "created_date": "2019-05-26T13:46:33.658Z"}}, {"model": "mysite.medreading", "pk": 94, "fields": {"reading_date": "2016-12-31T14:52:08Z", "weight": "78.5", "notes": "arrived back from holiday", "glucose": null, "HbA1c": null, "blood_pressure_1": null, "blood_pressure_2": null, "HDL": null, "LDL": null, "created_date": "2019-05-26T13:52:44.505Z"}}, {"model": "mysite.medreading", "pk": 95, "fields": {"reading_date": "2016-12-05T14:55:05Z", "weight": "81.1", "notes": "last reading before went on holiday", "glucose": null, "HbA1c": null, "blood_pressure_1": null, "blood_pressure_2": null, "HDL": null, "LDL": null, "created_date": "2019-05-26T13:55:29.883Z"}}, {"model": "mysite.medreading", "pk": 96, "fields": {"reading_date": "2016-11-28T14:56:35Z", "weight": "84.3", "notes": "", "glucose": null, "HbA1c": null, "blood_pressure_1": null, "blood_pressure_2": null, "HDL": null, "LDL": null, "created_date": "2019-05-26T13:57:12.360Z"}}, {"model": "mysite.medreading", "pk": 97, "fields": {"reading_date": "2016-11-21T14:57:23Z", "weight": "84.3", "notes": "", "glucose": null, "HbA1c": null, "blood_pressure_1": null, "blood_pressure_2": null, "HDL": null, "LDL": null, "created_date": "2019-05-26T13:57:44.141Z"}}, {"model": "mysite.medreading", "pk": 98, "fields": {"reading_date": "2016-11-14T14:59:15Z", "weight": "85.9", "notes": "", "glucose": null, "HbA1c": null, "blood_pressure_1": null, "blood_pressure_2": null, "HDL": null, "LDL": null, "created_date": "2019-05-26T13:59:42.615Z"}}, {"model": "mysite.medreading", "pk": 99, "fields": {"reading_date": "2016-11-07T14:59:50Z", "weight": "85.9", "notes": "", "glucose": null, "HbA1c": null, "blood_pressure_1": null, "blood_pressure_2": null, "HDL": null, "LDL": null, "created_date": "2019-05-26T14:00:12.807Z"}}, {"model": "mysite.medreading", "pk": 100, "fields": {"reading_date": "2016-10-31T15:01:20Z", "weight": "87.5", "notes": "", "glucose": null, "HbA1c": null, "blood_pressure_1": null, "blood_pressure_2": null, "HDL": null, "LDL": null, "created_date": "2019-05-26T14:01:47.466Z"}}, {"model": "mysite.medreading", "pk": 101, "fields": {"reading_date": "2016-10-24T14:02:53Z", "weight": "87.8", "notes": "", "glucose": null, "HbA1c": null, "blood_pressure_1": null, "blood_pressure_2": null, "HDL": null, "LDL": null, "created_date": "2019-05-26T14:03:13.222Z"}}, {"model": "mysite.medreading", "pk": 102, "fields": {"reading_date": "2016-10-17T14:04:30Z", "weight": "87.5", "notes": "", "glucose": null, "HbA1c": null, "blood_pressure_1": null, "blood_pressure_2": null, "HDL": null, "LDL": null, "created_date": "2019-05-26T14:04:58.329Z"}}, {"model": "mysite.medreading", "pk": 103, "fields": {"reading_date": "2016-10-10T14:06:04Z", "weight": "89.1", "notes": "", "glucose": null, "HbA1c": null, "blood_pressure_1": null, "blood_pressure_2": null, "HDL": null, "LDL": null, "created_date": "2019-05-26T14:06:22.910Z"}}, {"model": "mysite.medreading", "pk": 105, "fields": {"reading_date": "2016-09-05T14:09:30Z", "weight": "87.0", "notes": "", "glucose": null, "HbA1c": null, "blood_pressure_1": null, "blood_pressure_2": null, "HDL": null, "LDL": null, "created_date": "2019-05-26T14:10:29.819Z"}}, {"model": "mysite.medreading", "pk": 106, "fields": {"reading_date": "2016-08-01T14:12:12Z", "weight": "85.9", "notes": "", "glucose": null, "HbA1c": null, "blood_pressure_1": null, "blood_pressure_2": null, "HDL": null, "LDL": null, "created_date": "2019-05-26T14:12:48.928Z"}}, {"model": "mysite.medreading", "pk": 107, "fields": {"reading_date": "2016-07-04T14:14:04Z", "weight": "84.3", "notes": "", "glucose": null, "HbA1c": null, "blood_pressure_1": null, "blood_pressure_2": null, "HDL": null, "LDL": null, "created_date": "2019-05-26T14:14:22.892Z"}}, {"model": "mysite.medreading", "pk": 108, "fields": {"reading_date": "2016-06-06T14:18:15Z", "weight": "83.8", "notes": "", "glucose": null, "HbA1c": null, "blood_pressure_1": null, "blood_pressure_2": null, "HDL": null, "LDL": null, "created_date": "2019-05-26T14:18:38.358Z"}}, {"model": "mysite.medreading", "pk": 109, "fields": {"reading_date": "2016-05-02T14:19:48Z", "weight": "83.4", "notes": "", "glucose": null, "HbA1c": null, "blood_pressure_1": null, "blood_pressure_2": null, "HDL": null, "LDL": null, "created_date": "2019-05-26T14:20:07.539Z"}}, {"model": "mysite.medreading", "pk": 110, "fields": {"reading_date": "2016-04-02T14:27:08Z", "weight": "85.9", "notes": "", "glucose": null, "HbA1c": null, "blood_pressure_1": null, "blood_pressure_2": null, "HDL": null, "LDL": null, "created_date": "2019-05-26T14:27:37.752Z"}}, {"model": "mysite.medreading", "pk": 111, "fields": {"reading_date": "2016-02-01T15:29:49Z", "weight": "83.5", "notes": "", "glucose": null, "HbA1c": null, "blood_pressure_1": null, "blood_pressure_2": null, "HDL": null, "LDL": null, "created_date": "2019-05-26T14:30:09.259Z"}}, {"model": "mysite.medreading", "pk": 113, "fields": {"reading_date": "2016-11-08T18:50:55Z", "weight": null, "notes": "", "glucose": null, "HbA1c": null, "blood_pressure_1": "123", "blood_pressure_2": "60", "HDL": null, "LDL": null, "created_date": "2019-05-27T17:52:00.809Z"}}, {"model": "mysite.medreading", "pk": 115, "fields": {"reading_date": "2019-05-29T06:10:04Z", "weight": "78.0", "notes": "after eat inBrighton. MBu  machine.", "glucose": "7.6", "HbA1c": null, "blood_pressure_1": null, "blood_pressure_2": null, "HDL": null, "LDL": null, "created_date": "2019-05-29T06:10:13.294Z"}}, {"model": "mysite.medreading", "pk": 330, "fields": {"reading_date": "2020-03-05T13:21:49Z", "weight": "82.0", "notes": "-0.5 after 600", "glucose": null, "HbA1c": null, "blood_pressure_1": null, "blood_pressure_2": null, "HDL": null, "LDL": null, "created_date": "2020-03-05T13:22:05Z"}}, {"model": "mysite.medreading", "pk": 335, "fields": {"reading_date": "2020-03-10T08:50:42Z", "weight": "86.0", "notes": "+1.5 after harvester breakfast", "glucose": null, "HbA1c": null, "blood_pressure_1": null, "blood_pressure_2": null, "HDL": null, "LDL": null, "created_date": "2020-03-10T08:51:21.901Z"}}, {"model": "mysite.medreading", "pk": 379, "fields": {"reading_date": "2020-04-21T14:42:14Z", "weight": "84.0", "notes": "-2.0 after 600 prev +1.5", "glucose": null, "HbA1c": null, "blood_pressure_1": null, "blood_pressure_2": null, "HDL": null, "LDL": null, "created_date": "2020-04-21T14:42:35.627Z"}}, {"model": "mysite.medreading", "pk": 383, "fields": {"reading_date": "2020-04-26T08:01:31Z", "weight": "87.0", "notes": "-2.0 after 600  prev +3.5", "glucose": null, "HbA1c": null, "blood_pressure_1": null, "blood_pressure_2": null, "HDL": null, "LDL": null, "created_date": "2020-04-26T08:01:59.822Z"}}, {"model": "mysite.medreading", "pk": 403, "fields": {"reading_date": "2020-05-16T09:28:43Z", "weight": "90.5", "notes": "", "glucose": null, "HbA1c": null, "blood_pressure_1": null, "blood_pressure_2": null, "HDL": null, "LDL": null, "created_date": "2020-05-16T09:28:56Z"}}, {"model": "mysite.medreading", "pk": 412, "fields": {"reading_date": "2020-05-25T11:19:20Z", "weight": "87.0", "notes": "-2.0 after 600. prev +2.0", "glucose": null, "HbA1c": null, "blood_pressure_1": null, "blood_pressure_2": null, "HDL": null, "LDL": null, "created_date": "2020-05-25T11:19:49.717Z"}}, {"model": "mysite.medreading", "pk": 420, "fields": {"reading_date": "2020-06-01T09:13:22Z", "weight": "91.5", "notes": "", "glucose": null, "HbA1c": null, "blood_pressure_1": null, "blood_pressure_2": null, "HDL": null, "LDL": null, "created_date": "2020-06-02T09:13:36.679Z"}}, {"model": "mysite.medreading", "pk": 422, "fields": {"reading_date": "2020-06-04T11:23:31Z", "weight": "87.5", "notes": "-3.0 after 600. prev +2.0", "glucose": null, "HbA1c": null, "blood_pressure_1": null, "blood_pressure_2": null, "HDL": null, "LDL": null, "created_date": "2020-06-04T11:24:05.310Z"}}, {"model": "mysite.bookmark", "pk": 3, "fields": {"name": "http://www.meetup.com", "category": 6, "subcategory": 12, "notes": "", "created_date": "2020-05-08T12:01:27.933Z"}}, {"model": "mysite.bookmark", "pk": 4, "fields": {"name": "http://ogrady.pythonanywhere.com", "category": 6, "subcategory": 12, "notes": "", "created_date": "2020-05-10T09:43:20.040Z"}}, {"model": "mysite.bookmark", "pk": 5, "fields": {"name": "http://www.zoom.us", "category": 11, "subcategory": null, "notes": "", "created_date": "2020-05-13T23:23:40.990Z"}}, {"model": "mysite.bookmark", "pk": 6, "fields": {"name": "http://flats2.xx", "category": 13, "subcategory": 14, "notes": "", "created_date": "2020-05-13T23:31:19.892Z"}}, {"model": "mysite.bookmark", "pk": 7, "fields": {"name": "http://flats1.xx", "category": 13, "subcategory": 14, "notes": "", "created_date": "2020-05-13T23:31:45.278Z"}}, {"model": "mysite.bookmark", "pk": 8, "fields": {"name": "http://flatslap.xx", "category": 13, "subcategory": 15, "notes": "", "created_date": "2020-05-13T23:32:07.876Z"}}, {"model": "mysite.bookmark", "pk": 9, "fields": {"name": "http://ublap.xx", "category": 13, "subcategory": 15, "notes": "", "created_date": "2020-05-13T23:34:24.946Z"}}, {"model": "mysite.bookmark", "pk": 10, "fields": {"name": "http://sluff.pythonanywhere.com", "category": 16, "subcategory": null, "notes": "", "created_date": "2020-05-13T23:36:36.655Z"}}, {"model": "mysite.bookmark", "pk": 11, "fields": {"name": "http://coffeepot.pythonanywhere.com", "category": 6, "subcategory": 12, "notes": "", "created_date": "2020-05-13T23:36:59.677Z"}}, {"model": "mysite.bookmark", "pk": 12, "fields": {"name": "http://www.gmail.com", "category": 5, "subcategory": null, "notes": "", "created_date": "2020-05-13T23:39:12.862Z"}}, {"model": "mysite.bookmark", "pk": 13, "fields": {"name": "http://uk.yahoo.com", "category": 5, "subcategory": null, "notes": "", "created_date": "2020-05-13T23:39:35.476Z"}}, {"model": "mysite.bookmark", "pk": 14, "fields": {"name": "http://www.webex.com", "category": 11, "subcategory": null, "notes": "", "created_date": "2020-05-14T18:23:47.468Z"}}, {"model": "mysite.bookmark", "pk": 16, "fields": {"name": "http://www.heroku.com", "category": 21, "subcategory": null, "notes": "", "created_date": "2020-05-14T18:27:41.642Z"}}, {"model": "mysite.bookmark", "pk": 17, "fields": {"name": "http://www.pythonanywhere.com", "category": 2, "subcategory": 9, "notes": "", "created_date": "2020-05-14T18:28:10.790Z"}}, {"model": "mysite.bookmark", "pk": 18, "fields": {"name": "http://www.github.com", "category": 2, "subcategory": 10, "notes": "", "created_date": "2020-05-14T21:40:56.961Z"}}, {"model": "mysite.bookmark", "pk": 20, "fields": {"name": "http://www.meetup.com/EALING-SOCIAL-GROUP", "category": 6, "subcategory": 12, "notes": "", "created_date": "2020-05-14T23:11:35.459Z"}}, {"model": "mysite.bookmark", "pk": 21, "fields": {"name": "http://www.bbc.co.uk/news", "category": 8, "subcategory": null, "notes": "", "created_date": "2020-05-14T23:23:32.168Z"}}, {"model": "mysite.bookmark", "pk": 24, "fields": {"name": "http://bitbucket.org", "category": 2, "subcategory": 10, "notes": "", "created_date": "2020-05-14T23:49:08.008Z"}}, {"model": "mysite.bookmark", "pk": 25, "fields": {"name": "http://www.larksuite.com", "category": 11, "subcategory": null, "notes": "", "created_date": "2020-05-14T23:53:20.507Z"}}, {"model": "mysite.bookmark", "pk": 26, "fields": {"name": "http://meet.jit.si", "category": 11, "subcategory": null, "notes": "", "created_date": "2020-05-15T11:21:39.362Z"}}, {"model": "mysite.bookmark", "pk": 27, "fields": {"name": "http://www.facebook.com", "category": 6, "subcategory": 12, "notes": "", "created_date": "2020-05-16T11:51:46.846Z"}}, {"model": "mysite.bookmark", "pk": 29, "fields": {"name": "http://imagesdev.pythonanywhere.com", "category": 16, "subcategory": null, "notes": "", "created_date": "2020-05-17T00:39:33.935Z"}}, {"model": "mysite.bookmark", "pk": 30, "fields": {"name": "http://www.nytimes.com", "category": 8, "subcategory": null, "notes": "", "created_date": "2020-05-17T09:55:21.490Z"}}, {"model": "mysite.bookmark", "pk": 31, "fields": {"name": "http://www.surveymonkey.co.uk", "category": 6, "subcategory": null, "notes": "", "created_date": "2020-05-18T10:29:42.408Z"}}, {"model": "mysite.bookmark", "pk": 32, "fields": {"name": "http://www.rt.com", "category": 8, "subcategory": null, "notes": "", "created_date": "2020-05-23T12:11:16.275Z"}}, {"model": "mysite.bookmark", "pk": 33, "fields": {"name": "http://www.sputniknews.com", "category": 8, "subcategory": null, "notes": "", "created_date": "2020-05-23T12:11:40.753Z"}}, {"model": "mysite.bookmark", "pk": 34, "fields": {"name": "https://realpython.com/django-migrations-a-primer/", "category": 18, "subcategory": null, "notes": "", "created_date": "2020-05-23T13:09:41.885Z"}}, {"model": "mysite.bookmark", "pk": 35, "fields": {"name": "http://www.webforefront.com/django", "category": 18, "subcategory": null, "notes": "", "created_date": "2020-05-23T13:13:01.172Z"}}, {"model": "mysite.bookmark", "pk": 36, "fields": {"name": "https://learndjango.com/", "category": 18, "subcategory": null, "notes": "", "created_date": "2020-05-23T13:16:17.576Z"}}, {"model": "mysite.bookmark", "pk": 37, "fields": {"name": "https://www.bogotobogo.com/python/Django/", "category": 18, "subcategory": null, "notes": "3rd on list", "created_date": "2020-05-23T13:20:04.390Z"}}, {"model": "mysite.bookmark", "pk": 39, "fields": {"name": "https://www.digitalocean.com/community/tutorials", "category": 2, "subcategory": 20, "notes": "/how-to-use-postgresql-with-your-django-application-on-ubuntu-14-04\r\n/how-to-install-and-use-postgresql-on-ubuntu-18-04\r\n/how-to-create-remove-manage-tables-in-postgresql-on-a-cloud-server", "created_date": "2020-05-23T21:36:08.554Z"}}, {"model": "mysite.bookmark", "pk": 40, "fields": {"name": "https://simpleisbetterthancomplex.com", "category": 2, "subcategory": null, "notes": "/tutorial/2016/08/09/how-to-deploy-django-applications-on-heroku.html\r\n/questions/2017/03/22/how-to-dynamically-filter-modelchoices-queryset-in-a-modelform.html", "created_date": "2020-05-24T00:41:53.946Z"}}, {"model": "mysite.bookmark", "pk": 42, "fields": {"name": "http://docs.djangoproject.com/en/3.0/ref", "category": 18, "subcategory": null, "notes": "/forms/widgets/", "created_date": "2020-05-24T01:14:25.291Z"}}, {"model": "mysite.bookmark", "pk": 44, "fields": {"name": "https://riptutorial.com/Download/django.pdf", "category": 18, "subcategory": null, "notes": "", "created_date": "2020-05-24T21:45:09.401Z"}}, {"model": "mysite.bookmark", "pk": 45, "fields": {"name": "https://tutorial-extensions.djangogirls.org/en/", "category": 18, "subcategory": null, "notes": "", "created_date": "2020-05-24T22:28:21.663Z"}}, {"model": "mysite.bookmark", "pk": 46, "fields": {"name": "https://tutorial-extensions.djangogirls.org/en/heroku", "category": 18, "subcategory": null, "notes": "", "created_date": "2020-05-24T22:30:33.807Z"}}, {"model": "mysite.bookmark", "pk": 48, "fields": {"name": "https://stackoverflow.com/questions", "category": 2, "subcategory": null, "notes": "/36214127/django-db-utils-operationalerror-fe-sendauth-no-password-supplied\r\n/59114717/imagesmedia-not-displaying-on-django-heroku-server", "created_date": "2020-05-26T12:53:10.495Z"}}, {"model": "mysite.bookmark", "pk": 49, "fields": {"name": "http://sluffpg.herokuapp.com", "category": 6, "subcategory": 12, "notes": "", "created_date": "2020-05-26T20:57:32.881Z"}}, {"model": "mysite.bookmark", "pk": 51, "fields": {"name": "https://devcenter.heroku.com/articles/django-assets", "category": 21, "subcategory": null, "notes": "", "created_date": "2020-05-28T21:14:50.448Z"}}, {"model": "mysite.bookmark", "pk": 53, "fields": {"name": "https://londonnorthwest.nhsportal.net", "category": 22, "subcategory": null, "notes": "", "created_date": "2020-05-30T13:00:09.142Z"}}, {"model": "mysite.bookmark", "pk": 54, "fields": {"name": "https://dashboard.heroku.com/apps", "category": 21, "subcategory": null, "notes": "", "created_date": "2020-05-31T14:56:50.560Z"}}, {"model": "mysite.bookmark", "pk": 55, "fields": {"name": "https://github.com/codingforentrepreneurs", "category": 2, "subcategory": null, "notes": "/Guides/blob/master/all/Heroku_Django_Deployment_Guide.md", "created_date": "2020-05-31T20:58:48.805Z"}}, {"model": "mysite.bookmark", "pk": 56, "fields": {"name": "https://devcenter.heroku.com/articles/python-support", "category": 21, "subcategory": null, "notes": "", "created_date": "2020-06-01T16:15:24.626Z"}}, {"model": "mysite.bookmark", "pk": 57, "fields": {"name": "http://whitenoise.evans.io/en/stable/changelog.html#v4-0", "category": 21, "subcategory": null, "notes": "", "created_date": "2020-06-01T16:17:00.467Z"}}, {"model": "mysite.bookmark", "pk": 58, "fields": {"name": "http://harrystock.pythonanywhere.com", "category": 2, "subcategory": null, "notes": "", "created_date": "2020-06-02T10:06:38.702Z"}}, {"model": "mysite.bookmark", "pk": 60, "fields": {"name": "https://www.shubhamdipt.com", "category": 2, "subcategory": null, "notes": "/blog/django-transfer-data-from-sqlite-to-another-database/", "created_date": "2020-06-02T13:24:05.404Z"}}, {"model": "mysite.bookmark", "pk": 61, "fields": {"name": "https://www.outlook.com", "category": 5, "subcategory": null, "notes": "", "created_date": "2020-06-04T12:20:52.392Z"}}, {"model": "mysite.bookmark", "pk": 62, "fields": {"name": "https://www.hotmail.co.uk", "category": 5, "subcategory": null, "notes": "", "created_date": "2020-06-04T12:22:18.928Z"}}, {"model": "mysite.category", "pk": 1, "fields": {"name": "other", "notes": null, "created_date": "2020-05-07T13:56:58.258Z"}}, {"model": "mysite.category", "pk": 2, "fields": {"name": "IT", "notes": null, "created_date": "2020-05-07T10:45:17.746Z"}}, {"model": "mysite.category", "pk": 5, "fields": {"name": "email", "notes": null, "created_date": "2020-05-07T13:23:30.062Z"}}, {"model": "mysite.category", "pk": 6, "fields": {"name": "social", "notes": null, "created_date": "2020-05-07T13:48:18.833Z"}}, {"model": "mysite.category", "pk": 8, "fields": {"name": "news", "notes": null, "created_date": "2020-05-06T22:55:32.447Z"}}, {"model": "mysite.category", "pk": 9, "fields": {"name": "webhost", "notes": "", "created_date": "2020-05-14T22:45:07.722Z"}}, {"model": "mysite.category", "pk": 10, "fields": {"name": "repository", "notes": "", "created_date": "2020-05-14T22:45:24.946Z"}}, {"model": "mysite.category", "pk": 11, "fields": {"name": "conferencing", "notes": "", "created_date": "2020-05-14T22:57:20.616Z"}}, {"model": "mysite.category", "pk": 12, "fields": {"name": "club", "notes": "", "created_date": "2020-05-14T23:00:04.025Z"}}, {"model": "mysite.category", "pk": 13, "fields": {"name": "machine", "notes": "", "created_date": "2020-05-14T23:01:46.470Z"}}, {"model": "mysite.category", "pk": 14, "fields": {"name": "desktop", "notes": "", "created_date": "2020-05-14T23:04:29.484Z"}}, {"model": "mysite.category", "pk": 15, "fields": {"name": "laptop", "notes": "", "created_date": "2020-05-14T23:04:41.784Z"}}, {"model": "mysite.category", "pk": 16, "fields": {"name": "personal", "notes": "", "created_date": "2020-05-14T23:07:09.645Z"}}, {"model": "mysite.category", "pk": 18, "fields": {"name": "django", "notes": "", "created_date": "2020-05-23T13:10:44.002Z"}}, {"model": "mysite.category", "pk": 20, "fields": {"name": "postgresql", "notes": "", "created_date": "2020-05-25T17:33:26.592Z"}}, {"model": "mysite.category", "pk": 21, "fields": {"name": "heroku", "notes": "", "created_date": "2020-05-28T21:13:16.541Z"}}, {"model": "mysite.category", "pk": 22, "fields": {"name": "health", "notes": "", "created_date": "2020-05-30T12:53:46.373Z"}}, {"model": "mysite.identifier", "pk": 1, "fields": {"name": "harry_stock", "notes": null, "created_date": "2020-05-07T12:05:08.791Z"}}, {"model": "mysite.identifier", "pk": 2, "fields": {"name": "harrystock", "notes": null, "created_date": "2020-05-07T12:05:19.846Z"}}, {"model": "mysite.identifier", "pk": 3, "fields": {"name": "harry.stock", "notes": null, "created_date": "2020-05-07T12:05:36.708Z"}}, {"model": "mysite.identifier", "pk": 4, "fields": {"name": "sloughplus", "notes": null, "created_date": "2020-05-07T12:06:10.065Z"}}, {"model": "mysite.identifier", "pk": 5, "fields": {"name": "webm", "notes": null, "created_date": "2020-05-07T12:06:29.864Z"}}, {"model": "mysite.identifier", "pk": 6, "fields": {"name": "ealingsg", "notes": null, "created_date": "2020-05-07T12:06:42.605Z"}}, {"model": "mysite.identifier", "pk": 7, "fields": {"name": "geraldgarganey", "notes": "", "created_date": "2020-05-14T17:56:27.400Z"}}, {"model": "mysite.identifier", "pk": 8, "fields": {"name": "schemem", "notes": "", "created_date": "2020-05-14T18:00:13.678Z"}}, {"model": "mysite.identifier", "pk": 9, "fields": {"name": "harrowcoffeepot", "notes": "", "created_date": "2020-05-14T18:08:37.957Z"}}, {"model": "mysite.identifier", "pk": 10, "fields": {"name": "harryinealing", "notes": "", "created_date": "2020-05-14T21:04:14.918Z"}}, {"model": "mysite.identifier", "pk": 11, "fields": {"name": "ogradycourtsocial", "notes": "", "created_date": "2020-05-14T21:20:48.087Z"}}, {"model": "mysite.identifier", "pk": 12, "fields": {"name": "ogradycomputerclub", "notes": "", "created_date": "2020-05-14T21:27:54.408Z"}}, {"model": "mysite.identifier", "pk": 13, "fields": {"name": "harryogradycourt", "notes": "", "created_date": "2020-05-14T21:29:18.950Z"}}, {"model": "mysite.identifier", "pk": 14, "fields": {"name": "hocourt", "notes": "", "created_date": "2020-05-14T21:49:20.346Z"}}, {"model": "mysite.identifier", "pk": 15, "fields": {"name": "harry2401", "notes": "", "created_date": "2020-05-14T21:53:17.621Z"}}, {"model": "mysite.identifier", "pk": 16, "fields": {"name": "ogrady", "notes": "", "created_date": "2020-05-15T16:32:11.069Z"}}, {"model": "mysite.identifier", "pk": 17, "fields": {"name": "sluff", "notes": "", "created_date": "2020-05-15T16:32:22.217Z"}}, {"model": "mysite.identifier", "pk": 18, "fields": {"name": "sluffdev", "notes": "", "created_date": "2020-05-15T16:32:35.124Z"}}, {"model": "mysite.identifier", "pk": 19, "fields": {"name": "coffeepot", "notes": "", "created_date": "2020-05-15T16:33:24.171Z"}}, {"model": "mysite.identifier", "pk": 20, "fields": {"name": "cliveogilvie", "notes": "", "created_date": "2020-05-16T11:49:54.996Z"}}, {"model": "mysite.identifier", "pk": 21, "fields": {"name": "summpotter", "notes": "", "created_date": "2020-05-16T12:51:21.187Z"}}, {"model": "mysite.identifier", "pk": 22, "fields": {"name": "harrys", "notes": "", "created_date": "2020-05-16T14:02:29.181Z"}}, {"model": "mysite.identifier", "pk": 23, "fields": {"name": "cliveogilvie99", "notes": "", "created_date": "2020-05-17T00:19:49.140Z"}}, {"model": "mysite.identifier", "pk": 24, "fields": {"name": "imagesdev", "notes": "", "created_date": "2020-05-17T00:36:48.833Z"}}, {"model": "mysite.identifier", "pk": 25, "fields": {"name": "exampleclub", "notes": "", "created_date": "2020-05-23T11:13:52.554Z"}}, {"model": "mysite.identifier", "pk": 26, "fields": {"name": "plusevents", "notes": "", "created_date": "2020-05-23T11:45:11.263Z"}}, {"model": "mysite.emailhost", "pk": 1, "fields": {"name": "gmail.com", "notes": null, "created_date": "2020-05-07T12:07:15.045Z"}}, {"model": "mysite.emailhost", "pk": 2, "fields": {"name": "yahoo.co.uk", "notes": null, "created_date": "2020-05-07T12:07:25.047Z"}}, {"model": "mysite.emailhost", "pk": 3, "fields": {"name": "aol.co.uk", "notes": null, "created_date": "2020-05-07T12:07:41.058Z"}}, {"model": "mysite.emailhost", "pk": 4, "fields": {"name": "yahoo.com", "notes": null, "created_date": "2020-05-07T12:07:53.131Z"}}, {"model": "mysite.emailhost", "pk": 5, "fields": {"name": "hotmail.co.uk", "notes": null, "created_date": "2020-05-07T12:08:14.658Z"}}, {"model": "mysite.emailhost", "pk": 6, "fields": {"name": "none", "notes": null, "created_date": "2020-05-07T12:16:58.634Z"}}, {"model": "mysite.emailhost", "pk": 7, "fields": {"name": "''", "notes": null, "created_date": "2020-05-07T12:17:51.368Z"}}, {"model": "mysite.identifier2", "pk": 1, "fields": {"name": "manchester", "notes": null, "created_date": "2020-05-07T13:17:39.839Z"}}, {"model": "mysite.identifier2", "pk": 10, "fields": {"name": "pisaandman", "notes": null, "created_date": "2020-05-07T20:24:07.250Z"}}, {"model": "mysite.identifier2", "pk": 11, "fields": {"name": "pajaro*2", "notes": null, "created_date": "2020-05-07T20:24:56.834Z"}}, {"model": "mysite.identifier2", "pk": 13, "fields": {"name": "pajaro", "notes": "", "created_date": "2020-05-13T23:28:00.402Z"}}, {"model": "mysite.identifier2", "pk": 15, "fields": {"name": "bicestertintedbicest", "notes": "", "created_date": "2020-05-14T17:57:33.531Z"}}, {"model": "mysite.identifier2", "pk": 16, "fields": {"name": "?lidlstreet", "notes": "", "created_date": "2020-05-14T18:01:52.839Z"}}, {"model": "mysite.identifier2", "pk": 22, "fields": {"name": "esg1", "notes": "", "created_date": "2020-05-16T11:39:03.633Z"}}, {"model": "mysite.identifier2", "pk": 25, "fields": {"name": "harry4", "notes": "", "created_date": "2020-05-16T12:05:25.003Z"}}, {"model": "mysite.identifier2", "pk": 27, "fields": {"name": "sloughplus1", "notes": "", "created_date": "2020-05-16T12:08:33.877Z"}}, {"model": "mysite.identifier2", "pk": 28, "fields": {"name": "harry2", "notes": "", "created_date": "2020-05-16T12:19:42.195Z"}}, {"model": "mysite.identifier2", "pk": 29, "fields": {"name": "harry3", "notes": "", "created_date": "2020-05-16T12:19:51.620Z"}}, {"model": "mysite.identifier2", "pk": 30, "fields": {"name": "~brandofff~||'98'", "notes": "", "created_date": "2020-05-16T12:52:35.404Z"}}, {"model": "mysite.identifier2", "pk": 31, "fields": {"name": "esg2", "notes": "", "created_date": "2020-05-18T12:47:59.864Z"}}, {"model": "mysite.identifier2", "pk": 33, "fields": {"name": "scot2", "notes": "", "created_date": "2020-05-24T15:01:53.203Z"}}, {"model": "mysite.identifier2", "pk": 34, "fields": {"name": "harry", "notes": "", "created_date": "2020-05-24T17:19:25.365Z"}}, {"model": "mysite.identifier2", "pk": 35, "fields": {"name": "scot", "notes": "", "created_date": "2020-05-24T17:23:39.056Z"}}, {"model": "mysite.identifier2", "pk": 36, "fields": {"name": "ogrady", "notes": "", "created_date": "2020-05-24T17:28:48.869Z"}}, {"model": "mysite.identifier2", "pk": 37, "fields": {"name": "esg", "notes": "", "created_date": "2020-05-24T17:33:34.154Z"}}, {"model": "mysite.identifier2", "pk": 38, "fields": {"name": "coffeepot", "notes": "", "created_date": "2020-05-24T17:40:02.330Z"}}, {"model": "mysite.identifier2", "pk": 39, "fields": {"name": "hocourt", "notes": "", "created_date": "2020-05-24T18:02:22.912Z"}}, {"model": "mysite.identifier2", "pk": 40, "fields": {"name": "harry(hotm)", "notes": "", "created_date": "2020-06-04T12:24:30.583Z"}}, {"model": "mysite.login", "pk": 4, "fields": {"bookmark": 3, "identifier": 1, "emailhost": 2, "identifier2": 34, "notes": "", "created_date": "2020-05-08T12:14:10.931Z"}}, {"model": "mysite.login", "pk": 5, "fields": {"bookmark": 4, "identifier": 5, "emailhost": null, "identifier2": 36, "notes": "", "created_date": "2020-05-10T09:44:13.412Z"}}, {"model": "mysite.login", "pk": 6, "fields": {"bookmark": 3, "identifier": 6, "emailhost": 1, "identifier2": 22, "notes": "", "created_date": "2020-05-13T23:25:19.536Z"}}, {"model": "mysite.login", "pk": 7, "fields": {"bookmark": 13, "identifier": 1, "emailhost": null, "identifier2": 34, "notes": "", "created_date": "2020-05-13T23:41:29.769Z"}}, {"model": "mysite.login", "pk": 8, "fields": {"bookmark": 5, "identifier": 6, "emailhost": 1, "identifier2": 22, "notes": "", "created_date": "2020-05-13T23:42:44.927Z"}}, {"model": "mysite.login", "pk": 9, "fields": {"bookmark": 12, "identifier": 6, "emailhost": null, "identifier2": 31, "notes": "", "created_date": "2020-05-13T23:43:33.826Z"}}, {"model": "mysite.login", "pk": 10, "fields": {"bookmark": 5, "identifier": 1, "emailhost": 2, "identifier2": 34, "notes": "", "created_date": "2020-05-14T17:52:55.390Z"}}, {"model": "mysite.login", "pk": 11, "fields": {"bookmark": 5, "identifier": 4, "emailhost": 1, "identifier2": 10, "notes": "", "created_date": "2020-05-14T17:55:35.976Z"}}, {"model": "mysite.login", "pk": 12, "fields": {"bookmark": 12, "identifier": 7, "emailhost": null, "identifier2": 15, "notes": "", "created_date": "2020-05-14T17:58:11.654Z"}}, {"model": "mysite.login", "pk": 13, "fields": {"bookmark": 4, "identifier": 8, "emailhost": null, "identifier2": 16, "notes": "", "created_date": "2020-05-14T18:02:27.905Z"}}, {"model": "mysite.login", "pk": 14, "fields": {"bookmark": 12, "identifier": 9, "emailhost": null, "identifier2": 38, "notes": "", "created_date": "2020-05-14T18:09:42.281Z"}}, {"model": "mysite.login", "pk": 15, "fields": {"bookmark": 14, "identifier": 1, "emailhost": 2, "identifier2": 34, "notes": "", "created_date": "2020-05-14T18:24:38.770Z"}}, {"model": "mysite.login", "pk": 17, "fields": {"bookmark": 16, "identifier": 1, "emailhost": 2, "identifier2": 28, "notes": "", "created_date": "2020-05-14T18:30:37.769Z"}}, {"model": "mysite.login", "pk": 18, "fields": {"bookmark": 12, "identifier": 10, "emailhost": null, "identifier2": 34, "notes": "", "created_date": "2020-05-14T21:05:00.855Z"}}, {"model": "mysite.login", "pk": 19, "fields": {"bookmark": 12, "identifier": 11, "emailhost": null, "identifier2": 36, "notes": "", "created_date": "2020-05-14T21:21:14.263Z"}}, {"model": "mysite.login", "pk": 20, "fields": {"bookmark": 12, "identifier": 12, "emailhost": null, "identifier2": 36, "notes": "", "created_date": "2020-05-14T21:28:31.732Z"}}, {"model": "mysite.login", "pk": 21, "fields": {"bookmark": 12, "identifier": 13, "emailhost": null, "identifier2": 39, "notes": "", "created_date": "2020-05-14T21:33:09.336Z"}}, {"model": "mysite.login", "pk": 22, "fields": {"bookmark": 18, "identifier": 15, "emailhost": null, "identifier2": 34, "notes": "", "created_date": "2020-05-14T21:41:46.588Z"}}, {"model": "mysite.login", "pk": 23, "fields": {"bookmark": 18, "identifier": 14, "emailhost": null, "identifier2": 39, "notes": "", "created_date": "2020-05-14T21:49:49.358Z"}}, {"model": "mysite.login", "pk": 24, "fields": {"bookmark": 16, "identifier": 13, "emailhost": 1, "identifier2": 39, "notes": "", "created_date": "2020-05-14T21:58:15.928Z"}}, {"model": "mysite.login", "pk": 25, "fields": {"bookmark": 24, "identifier": 1, "emailhost": 2, "identifier2": 28, "notes": "", "created_date": "2020-05-14T23:51:03.245Z"}}, {"model": "mysite.login", "pk": 26, "fields": {"bookmark": 25, "identifier": 1, "emailhost": 2, "identifier2": 1, "notes": "", "created_date": "2020-05-15T00:21:22.132Z"}}, {"model": "mysite.login", "pk": 27, "fields": {"bookmark": 17, "identifier": 16, "emailhost": null, "identifier2": 36, "notes": "", "created_date": "2020-05-15T16:34:33.117Z"}}, {"model": "mysite.login", "pk": 28, "fields": {"bookmark": 17, "identifier": 18, "emailhost": null, "identifier2": 35, "notes": "cliveogilvie99@gmail.com", "created_date": "2020-05-15T16:35:18.088Z"}}, {"model": "mysite.login", "pk": 29, "fields": {"bookmark": 17, "identifier": 19, "emailhost": null, "identifier2": 38, "notes": "", "created_date": "2020-05-15T16:36:19.264Z"}}, {"model": "mysite.login", "pk": 30, "fields": {"bookmark": 17, "identifier": 17, "emailhost": null, "identifier2": 35, "notes": "cliveogilvie99@gmail.com", "created_date": "2020-05-15T16:37:50.218Z"}}, {"model": "mysite.login", "pk": 31, "fields": {"bookmark": 12, "identifier": 4, "emailhost": null, "identifier2": 10, "notes": "", "created_date": "2020-05-15T18:34:40.726Z"}}, {"model": "mysite.login", "pk": 32, "fields": {"bookmark": 27, "identifier": 23, "emailhost": 1, "identifier2": 35, "notes": "", "created_date": "2020-05-16T11:52:30.600Z"}}, {"model": "mysite.login", "pk": 33, "fields": {"bookmark": 27, "identifier": 1, "emailhost": 2, "identifier2": 25, "notes": "", "created_date": "2020-05-16T12:06:25.669Z"}}, {"model": "mysite.login", "pk": 34, "fields": {"bookmark": 27, "identifier": 4, "emailhost": 1, "identifier2": 10, "notes": "", "created_date": "2020-05-16T12:27:50.838Z"}}, {"model": "mysite.login", "pk": 35, "fields": {"bookmark": 12, "identifier": 21, "emailhost": null, "identifier2": 30, "notes": "", "created_date": "2020-05-16T12:53:20.297Z"}}, {"model": "mysite.login", "pk": 36, "fields": {"bookmark": 10, "identifier": 22, "emailhost": null, "identifier2": 13, "notes": "", "created_date": "2020-05-16T14:03:13.206Z"}}, {"model": "mysite.login", "pk": 37, "fields": {"bookmark": 12, "identifier": 23, "emailhost": null, "identifier2": 35, "notes": "23/02/47, 07743172034", "created_date": "2020-05-17T00:23:12.021Z"}}, {"model": "mysite.login", "pk": 38, "fields": {"bookmark": 17, "identifier": 24, "emailhost": null, "identifier2": 35, "notes": "cliveogilvie99@gmail.com", "created_date": "2020-05-17T00:38:25.473Z"}}, {"model": "mysite.login", "pk": 39, "fields": {"bookmark": 29, "identifier": 5, "emailhost": null, "identifier2": 35, "notes": "", "created_date": "2020-05-17T00:41:03.931Z"}}, {"model": "mysite.login", "pk": 40, "fields": {"bookmark": 10, "identifier": 5, "emailhost": null, "identifier2": 35, "notes": "", "created_date": "2020-05-17T02:40:09.953Z"}}, {"model": "mysite.login", "pk": 41, "fields": {"bookmark": 30, "identifier": 23, "emailhost": 1, "identifier2": 1, "notes": "started 17/05/20", "created_date": "2020-05-17T09:55:58.659Z"}}, {"model": "mysite.login", "pk": 42, "fields": {"bookmark": 31, "identifier": 15, "emailhost": null, "identifier2": 34, "notes": "harry_stock@yahoo,co,uk, Harry Stock", "created_date": "2020-05-18T10:48:20.596Z"}}, {"model": "mysite.login", "pk": 43, "fields": {"bookmark": 17, "identifier": 6, "emailhost": null, "identifier2": 22, "notes": "", "created_date": "2020-05-23T10:34:46.856Z"}}, {"model": "mysite.login", "pk": 44, "fields": {"bookmark": 17, "identifier": 2, "emailhost": null, "identifier2": 34, "notes": "flask, mysql", "created_date": "2020-05-23T10:38:54.163Z"}}, {"model": "mysite.login", "pk": 45, "fields": {"bookmark": 17, "identifier": 25, "emailhost": null, "identifier2": 34, "notes": "flask, mysql", "created_date": "2020-05-23T11:14:15.302Z"}}, {"model": "mysite.login", "pk": 46, "fields": {"bookmark": 17, "identifier": 4, "emailhost": null, "identifier2": 10, "notes": "has django3 and has club functionality", "created_date": "2020-05-23T11:25:02.310Z"}}, {"model": "mysite.login", "pk": 47, "fields": {"bookmark": 17, "identifier": 26, "emailhost": null, "identifier2": 34, "notes": "has 3038 and incipient club of clubs", "created_date": "2020-05-23T11:46:09.965Z"}}, {"model": "mysite.login", "pk": 48, "fields": {"bookmark": 16, "identifier": 23, "emailhost": 1, "identifier2": 33, "notes": "", "created_date": "2020-05-24T15:02:31.726Z"}}, {"model": "mysite.login", "pk": 49, "fields": {"bookmark": 18, "identifier": 23, "emailhost": null, "identifier2": 35, "notes": "", "created_date": "2020-05-24T16:20:44.177Z"}}, {"model": "mysite.login", "pk": 50, "fields": {"bookmark": 49, "identifier": 5, "emailhost": null, "identifier2": 35, "notes": "", "created_date": "2020-05-26T21:07:11.550Z"}}, {"model": "mysite.login", "pk": 52, "fields": {"bookmark": 53, "identifier": 1, "emailhost": 2, "identifier2": 28, "notes": "/Appointments", "created_date": "2020-05-30T13:01:21.770Z"}}, {"model": "mysite.login", "pk": 53, "fields": {"bookmark": 62, "identifier": 3, "emailhost": null, "identifier2": 34, "notes": "", "created_date": "2020-06-04T12:23:57.007Z"}}, {"model": "mysite.login", "pk": 54, "fields": {"bookmark": 61, "identifier": 2, "emailhost": null, "identifier2": 40, "notes": "", "created_date": "2020-06-04T12:25:18.856Z"}}, {"model": "mysite.colour", "pk": 1, "fields": {"name": "black", "notes": "", "specification": "#000000", "lightness": 0, "created_date": "2020-05-08T21:35:47.604Z"}}, {"model": "mysite.colour", "pk": 2, "fields": {"name": "white", "notes": "", "specification": "#FFFFFF", "lightness": 2, "created_date": "2020-05-08T21:37:51.059Z"}}, {"model": "mysite.colour", "pk": 3, "fields": {"name": "red", "notes": "", "specification": "#FF0000", "lightness": 1, "created_date": "2020-05-08T21:57:35.163Z"}}, {"model": "mysite.colour", "pk": 4, "fields": {"name": "green", "notes": "", "specification": "#00FF00", "lightness": 1, "created_date": "2020-05-08T21:57:59.233Z"}}, {"model": "mysite.colour", "pk": 5, "fields": {"name": "blue", "notes": "", "specification": "#0000FF", "lightness": 1, "created_date": "2020-05-08T21:58:15.493Z"}}, {"model": "mysite.colour", "pk": 6, "fields": {"name": "yellow", "notes": "", "specification": "#FFFF00", "lightness": 1, "created_date": "2020-05-08T22:01:38.251Z"}}, {"model": "mysite.colour", "pk": 7, "fields": {"name": "purple", "notes": "", "specification": "#FF00FF", "lightness": 1, "created_date": "2020-05-08T22:02:26.247Z"}}, {"model": "mysite.colour", "pk": 8, "fields": {"name": "bluegreen", "notes": "", "specification": "#00FFFF", "lightness": 1, "created_date": "2020-05-08T22:02:59.827Z"}}, {"model": "mysite.colour", "pk": 9, "fields": {"name": "darkblue", "notes": "", "specification": "#000088", "lightness": 0, "created_date": "2020-05-08T22:05:53.760Z"}}, {"model": "mysite.colour", "pk": 10, "fields": {"name": "darkred", "notes": "", "specification": "#660000", "lightness": 0, "created_date": "2020-05-08T22:06:30.603Z"}}, {"model": "mysite.colour", "pk": 11, "fields": {"name": "darkgreen", "notes": "", "specification": "#006600", "lightness": 0, "created_date": "2020-05-08T22:06:58.864Z"}}, {"model": "mysite.colour", "pk": 12, "fields": {"name": "lightyellow", "notes": "", "specification": "#FFFFCC", "lightness": 2, "created_date": "2020-05-08T22:08:04.594Z"}}, {"model": "mysite.colour", "pk": 13, "fields": {"name": "lightred", "notes": "", "specification": "#FFCCCC", "lightness": 2, "created_date": "2020-05-08T22:08:56.755Z"}}, {"model": "mysite.colour", "pk": 14, "fields": {"name": "lightgreen", "notes": "", "specification": "#CCFFCC", "lightness": 2, "created_date": "2020-05-08T22:10:17.421Z"}}, {"model": "mysite.colour", "pk": 15, "fields": {"name": "lightblue", "notes": "", "specification": "#CCCCFF", "lightness": 2, "created_date": "2020-05-08T22:10:55.520Z"}}, {"model": "mysite.colour", "pk": 16, "fields": {"name": "lightpurple", "notes": "", "specification": "#FFCCFF", "lightness": 2, "created_date": "2020-05-08T22:12:47.812Z"}}, {"model": "mysite.colour", "pk": 17, "fields": {"name": "lightbluegreen", "notes": "", "specification": "#CCFFFF", "lightness": 2, "created_date": "2020-05-08T22:13:26.296Z"}}, {"model": "mysite.colour", "pk": 18, "fields": {"name": "darkbluegreen", "notes": "", "specification": "#006666", "lightness": 0, "created_date": "2020-05-08T22:16:57.710Z"}}, {"model": "mysite.colour", "pk": 19, "fields": {"name": "darkpurple", "notes": "", "specification": "#660066", "lightness": 0, "created_date": "2020-05-08T22:18:09.150Z"}}, {"model": "mysite.colour", "pk": 20, "fields": {"name": "darkyellow", "notes": "", "specification": "#666600", "lightness": 0, "created_date": "2020-05-08T22:18:44.953Z"}}, {"model": "mysite.colourscheme", "pk": 1, "fields": {"name": "first", "notes": "", "backgroundcolour": "#FF0000", "datecolour": "#00FF00", "detailcolour": "#0000FF"}}, {"model": "mysite.colourscheme", "pk": 2, "fields": {"name": "second", "notes": "", "backgroundcolour": "#FFFFFF", "datecolour": "#000000", "detailcolour": "#00FF00"}}, {"model": "auth.permission", "pk": 1, "fields": {"name": "Can add log entry", "content_type": 1, "codename": "add_logentry"}}, {"model": "auth.permission", "pk": 2, "fields": {"name": "Can change log entry", "content_type": 1, "codename": "change_logentry"}}, {"model": "auth.permission", "pk": 3, "fields": {"name": "Can delete log entry", "content_type": 1, "codename": "delete_logentry"}}, {"model": "auth.permission", "pk": 4, "fields": {"name": "Can view log entry", "content_type": 1, "codename": "view_logentry"}}, {"model": "auth.permission", "pk": 5, "fields": {"name": "Can add permission", "content_type": 2, "codename": "add_permission"}}, {"model": "auth.permission", "pk": 6, "fields": {"name": "Can change permission", "content_type": 2, "codename": "change_permission"}}, {"model": "auth.permission", "pk": 7, "fields": {"name": "Can delete permission", "content_type": 2, "codename": "delete_permission"}}, {"model": "auth.permission", "pk": 8, "fields": {"name": "Can view permission", "content_type": 2, "codename": "view_permission"}}, {"model": "auth.permission", "pk": 9, "fields": {"name": "Can add group", "content_type": 3, "codename": "add_group"}}, {"model": "auth.permission", "pk": 10, "fields": {"name": "Can change group", "content_type": 3, "codename": "change_group"}}, {"model": "auth.permission", "pk": 11, "fields": {"name": "Can delete group", "content_type": 3, "codename": "delete_group"}}, {"model": "auth.permission", "pk": 12, "fields": {"name": "Can view group", "content_type": 3, "codename": "view_group"}}, {"model": "auth.permission", "pk": 13, "fields": {"name": "Can add user", "content_type": 4, "codename": "add_user"}}, {"model": "auth.permission", "pk": 14, "fields": {"name": "Can change user", "content_type": 4, "codename": "change_user"}}, {"model": "auth.permission", "pk": 15, "fields": {"name": "Can delete user", "content_type": 4, "codename": "delete_user"}}, {"model": "auth.permission", "pk": 16, "fields": {"name": "Can view user", "content_type": 4, "codename": "view_user"}}, {"model": "auth.permission", "pk": 17, "fields": {"name": "Can add content type", "content_type": 5, "codename": "add_contenttype"}}, {"model": "auth.permission", "pk": 18, "fields": {"name": "Can change content type", "content_type": 5, "codename": "change_contenttype"}}, {"model": "auth.permission", "pk": 19, "fields": {"name": "Can delete content type", "content_type": 5, "codename": "delete_contenttype"}}, {"model": "auth.permission", "pk": 20, "fields": {"name": "Can view content type", "content_type": 5, "codename": "view_contenttype"}}, {"model": "auth.permission", "pk": 21, "fields": {"name": "Can add session", "content_type": 6, "codename": "add_session"}}, {"model": "auth.permission", "pk": 22, "fields": {"name": "Can change session", "content_type": 6, "codename": "change_session"}}, {"model": "auth.permission", "pk": 23, "fields": {"name": "Can delete session", "content_type": 6, "codename": "delete_session"}}, {"model": "auth.permission", "pk": 24, "fields": {"name": "Can view session", "content_type": 6, "codename": "view_session"}}, {"model": "auth.permission", "pk": 25, "fields": {"name": "Can add site", "content_type": 7, "codename": "add_site"}}, {"model": "auth.permission", "pk": 26, "fields": {"name": "Can change site", "content_type": 7, "codename": "change_site"}}, {"model": "auth.permission", "pk": 27, "fields": {"name": "Can delete site", "content_type": 7, "codename": "delete_site"}}, {"model": "auth.permission", "pk": 28, "fields": {"name": "Can view site", "content_type": 7, "codename": "view_site"}}, {"model": "auth.permission", "pk": 29, "fields": {"name": "Can add photo", "content_type": 8, "codename": "add_photo"}}, {"model": "auth.permission", "pk": 30, "fields": {"name": "Can change photo", "content_type": 8, "codename": "change_photo"}}, {"model": "auth.permission", "pk": 31, "fields": {"name": "Can delete photo", "content_type": 8, "codename": "delete_photo"}}, {"model": "auth.permission", "pk": 32, "fields": {"name": "Can view photo", "content_type": 8, "codename": "view_photo"}}, {"model": "auth.permission", "pk": 33, "fields": {"name": "Can add event", "content_type": 9, "codename": "add_event"}}, {"model": "auth.permission", "pk": 34, "fields": {"name": "Can change event", "content_type": 9, "codename": "change_event"}}, {"model": "auth.permission", "pk": 35, "fields": {"name": "Can delete event", "content_type": 9, "codename": "delete_event"}}, {"model": "auth.permission", "pk": 36, "fields": {"name": "Can view event", "content_type": 9, "codename": "view_event"}}, {"model": "auth.permission", "pk": 37, "fields": {"name": "Can add person", "content_type": 10, "codename": "add_person"}}, {"model": "auth.permission", "pk": 38, "fields": {"name": "Can change person", "content_type": 10, "codename": "change_person"}}, {"model": "auth.permission", "pk": 39, "fields": {"name": "Can delete person", "content_type": 10, "codename": "delete_person"}}, {"model": "auth.permission", "pk": 40, "fields": {"name": "Can view person", "content_type": 10, "codename": "view_person"}}, {"model": "auth.permission", "pk": 41, "fields": {"name": "Can add message", "content_type": 11, "codename": "add_message"}}, {"model": "auth.permission", "pk": 42, "fields": {"name": "Can change message", "content_type": 11, "codename": "change_message"}}, {"model": "auth.permission", "pk": 43, "fields": {"name": "Can delete message", "content_type": 11, "codename": "delete_message"}}, {"model": "auth.permission", "pk": 44, "fields": {"name": "Can view message", "content_type": 11, "codename": "view_message"}}, {"model": "auth.permission", "pk": 45, "fields": {"name": "Can add medreading", "content_type": 12, "codename": "add_medreading"}}, {"model": "auth.permission", "pk": 46, "fields": {"name": "Can change medreading", "content_type": 12, "codename": "change_medreading"}}, {"model": "auth.permission", "pk": 47, "fields": {"name": "Can delete medreading", "content_type": 12, "codename": "delete_medreading"}}, {"model": "auth.permission", "pk": 48, "fields": {"name": "Can view medreading", "content_type": 12, "codename": "view_medreading"}}, {"model": "auth.permission", "pk": 49, "fields": {"name": "Can add bookmark", "content_type": 13, "codename": "add_bookmark"}}, {"model": "auth.permission", "pk": 50, "fields": {"name": "Can change bookmark", "content_type": 13, "codename": "change_bookmark"}}, {"model": "auth.permission", "pk": 51, "fields": {"name": "Can delete bookmark", "content_type": 13, "codename": "delete_bookmark"}}, {"model": "auth.permission", "pk": 52, "fields": {"name": "Can view bookmark", "content_type": 13, "codename": "view_bookmark"}}, {"model": "auth.permission", "pk": 53, "fields": {"name": "Can add category", "content_type": 14, "codename": "add_category"}}, {"model": "auth.permission", "pk": 54, "fields": {"name": "Can change category", "content_type": 14, "codename": "change_category"}}, {"model": "auth.permission", "pk": 55, "fields": {"name": "Can delete category", "content_type": 14, "codename": "delete_category"}}, {"model": "auth.permission", "pk": 56, "fields": {"name": "Can view category", "content_type": 14, "codename": "view_category"}}, {"model": "auth.permission", "pk": 57, "fields": {"name": "Can add identifier", "content_type": 15, "codename": "add_identifier"}}, {"model": "auth.permission", "pk": 58, "fields": {"name": "Can change identifier", "content_type": 15, "codename": "change_identifier"}}, {"model": "auth.permission", "pk": 59, "fields": {"name": "Can delete identifier", "content_type": 15, "codename": "delete_identifier"}}, {"model": "auth.permission", "pk": 60, "fields": {"name": "Can view identifier", "content_type": 15, "codename": "view_identifier"}}, {"model": "auth.permission", "pk": 61, "fields": {"name": "Can add emailhost", "content_type": 16, "codename": "add_emailhost"}}, {"model": "auth.permission", "pk": 62, "fields": {"name": "Can change emailhost", "content_type": 16, "codename": "change_emailhost"}}, {"model": "auth.permission", "pk": 63, "fields": {"name": "Can delete emailhost", "content_type": 16, "codename": "delete_emailhost"}}, {"model": "auth.permission", "pk": 64, "fields": {"name": "Can view emailhost", "content_type": 16, "codename": "view_emailhost"}}, {"model": "auth.permission", "pk": 65, "fields": {"name": "Can add identifier2", "content_type": 17, "codename": "add_identifier2"}}, {"model": "auth.permission", "pk": 66, "fields": {"name": "Can change identifier2", "content_type": 17, "codename": "change_identifier2"}}, {"model": "auth.permission", "pk": 67, "fields": {"name": "Can delete identifier2", "content_type": 17, "codename": "delete_identifier2"}}, {"model": "auth.permission", "pk": 68, "fields": {"name": "Can view identifier2", "content_type": 17, "codename": "view_identifier2"}}, {"model": "auth.permission", "pk": 69, "fields": {"name": "Can add login", "content_type": 18, "codename": "add_login"}}, {"model": "auth.permission", "pk": 70, "fields": {"name": "Can change login", "content_type": 18, "codename": "change_login"}}, {"model": "auth.permission", "pk": 71, "fields": {"name": "Can delete login", "content_type": 18, "codename": "delete_login"}}, {"model": "auth.permission", "pk": 72, "fields": {"name": "Can view login", "content_type": 18, "codename": "view_login"}}, {"model": "auth.permission", "pk": 73, "fields": {"name": "Can add colour", "content_type": 19, "codename": "add_colour"}}, {"model": "auth.permission", "pk": 74, "fields": {"name": "Can change colour", "content_type": 19, "codename": "change_colour"}}, {"model": "auth.permission", "pk": 75, "fields": {"name": "Can delete colour", "content_type": 19, "codename": "delete_colour"}}, {"model": "auth.permission", "pk": 76, "fields": {"name": "Can view colour", "content_type": 19, "codename": "view_colour"}}, {"model": "auth.permission", "pk": 77, "fields": {"name": "Can add colourscheme", "content_type": 20, "codename": "add_colourscheme"}}, {"model": "auth.permission", "pk": 78, "fields": {"name": "Can change colourscheme", "content_type": 20, "codename": "change_colourscheme"}}, {"model": "auth.permission", "pk": 79, "fields": {"name": "Can delete colourscheme", "content_type": 20, "codename": "delete_colourscheme"}}, {"model": "auth.permission", "pk": 80, "fields": {"name": "Can view colourscheme", "content_type": 20, "codename": "view_colourscheme"}}, {"model": "auth.user", "pk": 1, "fields": {"password": "pbkdf2_sha256$150000$jsj0sVtFAQnN$17J6TJPj8s7fspYMFSiJf8vIkoTo8+Xyty03zmn9OaQ=", "last_login": "2020-06-03T23:57:14.198Z", "is_superuser": true, "username": "webm", "first_name": "", "last_name": "", "email": "", "is_staff": true, "is_active": true, "date_joined": "2020-05-06T17:41:09.540Z", "groups": [], "user_permissions": []}}, {"model": "auth.user", "pk": 2, "fields": {"password": "pbkdf2_sha256$180000$5mkxdm6LMaSV$6/JNFgH0EeNdOusH6JGJmkicJA7GLSf7Ib0lpx2WEKM=", "last_login": "2020-05-16T16:31:02.461Z", "is_superuser": true, "username": "webm2", "first_name": "", "last_name": "", "email": "", "is_staff": true, "is_active": true, "date_joined": "2020-05-16T16:30:33.041Z", "groups": [], "user_permissions": []}}, {"model": "admin.logentry", "pk": 1, "fields": {"action_time": "2020-05-06T17:42:14.157Z", "user": 1, "content_type": 7, "object_id": "1", "object_repr": "Site object (1)", "action_flag": 1, "change_message": "[{\"added\": {}}]"}}]